{
    "camera_index": -1,
    "video_rotation": 0,
    "mirror_video": true,
    "text_scale_multiplier": 1.27,
    "feed_refresh_interval_ms": 3600000,
    "widget_positions": {
        "calendar_1": {
            "x": 0.14939236111111112,
            "y": 0.10663580246913577,
            "anchor": "center"
        },
        "date_1": {
            "x": 0.019270833333333334,
            "y": 0.07407407407407407,
            "anchor": "nw"
        },
        "time_1": {
            "x": 0.025000000000000133,
            "y": 0.0,
            "anchor": "nw"
        },
        "worldclock_1": {
            "x": 0.20989583333333334,
            "y": 0.0,
            "anchor": "nw"
        },
        "worldclock_2": {
            "x": 0.2833333333333332,
            "y": 0.0,
            "anchor": "nw"
        },
        "weatherforecast_1": {
            "x": 0.7838541666666667,
            "y": 0.004629629629629633,
            "anchor": "nw"
        },
        "rss_1": {
            "x": 0.6354166666666666,
            "y": 0.1935185185185184,
            "anchor": "nw"
        },
        "ical_1": {
            "x": 0.17291666666666666,
            "y": 0.13425925925925927,
            "anchor": "nw"
        },
        "worldclock_3": {
            "x": 0.35364583333333344,
            "y": 0.0,
            "anchor": "nw"
        },
        "history_1": {
            "x": 0.013020833333333294,
            "y": 0.2842592592592592,
            "anchor": "nw"
        },
        "sports_1": {
            "x": 0.11249999999999999,
            "y": 0.9342592592592593,
            "anchor": "nw"
        },
        "countdown_1": {
            "x": 0.35260416666666666,
            "y": 0.17870370370370367,
            "anchor": "nw"
        },
        "countdown_2": {
            "x": 0.3526041666666667,
            "y": 0.09537037037037033,
            "anchor": "nw"
        },
        "weatherforecast_2": {
            "x": 0.8692708333333334,
            "y": 0.004629629629629633,
            "anchor": "nw"
        },
        "weatherforecast_3": {
            "x": 0.6994791666666667,
            "y": 0.0027777777777777944,
            "anchor": "nw"
        },
        "quotes_1": {
            "x": 0.17135416666666664,
            "y": 0.10555555555555553,
            "anchor": "nw"
        },
        "system_1": {
            "x": 0.9520833333333333,
            "y": 0.06481481481481483,
            "anchor": "nw"
        }
    },
    "widget_settings": {
        "calendar_1": {},
        "date_1": {
            "format": "%A, %B %d, %Y"
        },
        "forecast_2": {},
        "time_1": {
            "format": "12h"
        },
        "worldclock_1": {
            "timezone": "US/Arizona"
        },
        "worldclock_2": {
            "timezone": "US/Eastern"
        },
        "weatherforecast_1": {
            "location": "Salem, IL"
        },
        "ical_1": {
            "urls": [
                "https://p52-caldav.icloud.com/published/2/MTAxNDkzMzQ5ODEwMTQ5Mxo0XPsIRRVwopGvrcnOxZ52S_fHU9xyd9Gf8QYsGlGRpYG7DlR0Ri4HB92WXNQBbiSTodrlG7Qtao5QV0Jac2M",
                "https://outlook.office365.com/owa/calendar/3406d02feb504fe9a2ab89aa873ddc15@americana.com/13e7018c97a447d7894384e833d4365d13221565013192611009/calendar.ics",
                "https://p42-caldav.icloud.com/published/2/NDg5Mzk3MjQ0ODkzOTcyNE4vXtfFHyVBIIjD1v3P9VT0kN8xf9dXlKNd8k4LFiOb"
            ],
            "timezone": "US/Central"
        },
        "rss_1": {
            "urls": [
                "https://southernillinoisnow.com/feed/",
                "https://rss.nytimes.com/services/xml/rss/nyt/US.xml"
            ],
            "style": "Normal",
            "title": "News",
            "article_count": 15
        },
        "calendar_2": {},
        "worldclock_3": {
            "timezone": "UTC"
        },
        "history_1": {},
        "stock_1": {},
        "sports_3": {},
        "sports_2": {},
        "sports_1": {
            "configs": [
                {
                    "league": "NCAAMB",
                    "teams": []
                },
                {
                    "league": "NHL",
                    "teams": []
                },
                {
                    "league": "NBA",
                    "teams": []
                }
            ],
            "style": "Ticker",
            "timezone": "US/Central"
        },
        "countdown_1": {
            "name": "My Birthday",
            "datetime": "2026-07-01 00:00"
        },
        "countdown_2": {
            "name": "Kendra's Birthday",
            "datetime": "2026-08-13 00:00"
        },
        "rss_4": {},
        "traffic_1": {},
        "weatherforecast_2": {
            "location": "Islamorada, FL",
            "style": "Normal"
        },
        "weatherforecast_3": {
            "location": "Mesa, Az",
            "style": "Normal"
        },
        "quotes_1": {},
        "rss_2": {},
        "rss_3": {},
        "system_1": {}
    },
    "fullscreen": true,
    "text_color": [
        255,
        255,
        255
    ],
    "text_shadow_color": [
        0,
        0,
        127
    ],
    "FMP_API_KEY": "YOUR_FMP_API_KEY",
    "font_family": "Segoe UI Variable",
    "background_opacity": 0.0
}